Histoire de Merlin,,fasf
Le saint Graal,,fsafsa
La Mort d'Artus,,
La Quête du saint Graal,,
Lancelot du Lac,,
La Droite forme pour vivre,,
Le Livre du cloistre de l'ame,,
Le Mirouer de mortel vie,,
Les Meditacions saint Anseaume,,
Miroir des dames,,
Bedford Psalter and Hours,,
Thomas Jenyn’s Ordinary of Arms,,
La Fleur des Histoires de la terre d'Orient and five other travel accounts,,
A Perpetual Calendar,,
A shewing in generall wordis that a sawle corruptithe with synne hit must be waishid and clensid from the filthe of sinne…',,
Foure thingis be nedefull to evere Cristen man and woman to rule theein be to obtayne the blisse of heuen,,
Here beginneth a tretes of mekeues,,
Here foloing be the artikill of the faith,,
Here is foling a short and a frutefull tretes how that ther was assembelid viii wide men and masters for to declare what meret tribulacion is for manne mekely sufferd,,
Here is the mirroure of sinnes,,
Ho sumener saith this praier in the worship of the passion shall haue C. 3ere of pardon,,
Iehsu the sonne of mare mylde,,
"Mirror of St Edmund, imperfect",,
Prose Life of St Catherine,,
Prose Life of St Margaret,,
The Charter of our eritage,,
the pardon of the monastery of Shene whiche is Syon,,
Theis be the wordis that our saueoure Iehsu spake to his holy spouse and virgen Sent Moll,,
"treatise on 'fowre maner of wasshingis,' imperfect",,
Verse Life of St Anne,,
Verse Life of St Patrick,,
Autres Balades (Plusieurs Balades de Divers Propos),,
Balades de Plusieurs Façons,,
Cent Balades d'Amant et de Dame,,
Encore autres balades,,
Enseignemens que Cristine donne à son Filz (Les Enseignemens Moraux),,
Lay de Vers L'onimes,,
Livre de Poissy,,
Prologue adreçant à la royne,,
Quinze Joyes Nostre Dame Rimées,,
Un Autre Lay,,
Une Autre Complainte amoureuse,,
Une Complainte amoureuse,,
Une Oroison de la Vie et Passion de Nostre Seigneur,,
Une Oroison Nostre Dame,,
Estoire del Saint Graal,,
La Morte le Roi Artu,,
La Queste del Saint Graal,,
Breviaire des nobles,,
Chevalier au Cygne,,
Cronicles de Normandie,,
Guy de Warwick,,
Heraud d'Ardennes,,
L'Ordre de la jarretier,,
Le Livre de la conqueste du roy Alixandre,,
Le Livre des fais d'armes et de chevalerie,,
Le Livre du roy Charlemaine,,
Livre de politique,,
Ogier le Danois,,
Quatre fils Aimon,,
Arbre des batailles,,
Chroniques de Burgos,Jean Golein,
Grande Biblie historiale complétée,Guiard des Moulins,
Bible moralisée,,
Rational des divins offices,Jean Golein,
Histoire ancienne jusqu'à César,,
Décades,Pierre Bersuire,
La Fleur des histoires,,
Miroir historial v. 1,Jean de Vignay,
Tristan en prose,Luce de Gast,
Vita Jesu Christi,,
Ci nous dit,,
Le seul parler de Saint Augustin,,
L'Horloge de sapience,Jean de Souhabe,
Les Douze périls d'enfer,Pierre de Caillemesnil,
Image du monde,,
Livre des femmes nobles et renommées,Laurent de Premierfait,
Epistre à la Royne de France,,
Epistre à Eustace Morel,,
Livre de Prudence,,
Proverbes Moraulx,,
Faiz d'Alexandre,,
Livre de Sydrac,,
Le Dit de Poissy,,
Cent balades,,
Epistre au Dieu d'Amours,,
Epistres sur le 'Roman de la Rose',,
Jeux à Vendre,,
Livre des Trois Jugemens,,
Livre du Debat des Deux Amans,,
"Rondeaux

",,
Virelais,,
Une belle oraison de sainct Gregoires,,
Livre du Chemin de Long Estude,,
Livre du Duc des Vrays Amans,,
Lamentations de saint Bernard,,
Oroison de St Augustin a Nostre Dame,,
Bonne doctrine pour dévotes fames,,
Chapel des fleurs de lys,,
Vivat rex,,
Vie et légende de sainte Barbe,,
Jardin de Contemplation,,
De Senectute,Laurent de Premierfait,
Les Fruits de tribulation,,
Chasteau perilleux,,
Miracles de sainte Catherine de Fierbois,,
Du Ciel et du monde,Nicole Oresme,
Livre de chevalerie,Jean de Vignay,
Roman de Brut,,
Cléomadès,,
Diverses oraisons a Nostre Dame,,
Les Avez de Nostre Dame,,
Les XV signes du definement du monde,,
Vie de Nostre Dame,,
Dialogue avec un phantom,,
La Medecine de l'ame,,
"Le credo qu’on chante en la messe mis en françoiz par maistre Jehan Sarrasin, docteur en theologie, pour les gens lays",,
Le Miroir de l'ame,,
Profit de savoir quel est pechié mortel ou veniel,,
Traité des diverses tentations de l'ennemi,,
Une vray medicine a l'ame en l'article de la mort,,
A homme tiede,,
Charité qui est vraye amour de Dieu,,
Discipline de Sapience,,
Exercice de la vie contemplative,,
Lettre sur les tribulations,,
Oraison a Dieu et Nostre Dame,,
Oraison à JhesuCrist,,
Oraison de Nostre Seigneur 1,,
Oratio ad sanctem crucem,,
Oroison a Nostre Dame 2,,
Oroison a Nostre Dame 3,,
Oroison a Nostre Dame pour femme qui travaille d'enfant,,
Oroison a Nostre Dame...qui dira l'eure et le jour de son trespassement,,
Oroison a Nostre Seigneur 3,,
Oroison de Dieu et des trois rois,,
Oroison de Nostre Dame,,
Oroison de Nostre Seigneur 2,,
Oroison de Nostre Seigneur 4,,
Oroison des souffrances Nostre Seigneur,,
Oroison Nostre Dame 1,,
Oroison pour soy et ses amis,,
Parlemens de l'ame a Dieu,,
Plainte de la Vierge,,
Prière à Jhesucrist,,
Prière à Notre Dame,,
Prière avant la Communion,,
Prière: De la lumière de Dieu,,
"Prière: Sire, épargne moi",,
Prière: Vray Dieu roy tout puissant,,
Tres douce dame des anges,,
Vie de Saincte Elisabeth de Hongroie,,
Vie de Sainte Marguerite,,
L'Aguillon d'amour divine,Simon de Courcy,
Préparation du saint Sacrement de l'autel,,
Réductoire de l'âme,,
Traité de mendicité spirituelle,,
L'ABC des simples gens,,
La Diete de Salut,,
Science de bien mourir,,
Exposition sur le Carmen de muliere forti,,
Livre de perfection,,
Traité de la vie contemplative,,
Vie de saint Julien,,
Vie de saint Josse,François Quesnaye,
Congratulacion et graces de la nativité de Charles aisné filz du roy Loys unziesme de ce nom,,
Livre des quatre dames,,
Chroniques,,
Bible historiale,Guiard des Moulins,
Vie et office de sainte Radegande,,
Ethique et Politique,Nicole Oresme,
Vie et mystère de saint Vincent en vers et par personnages,,
Parfait du Paon,,
Restor du Paon,,
Roman d'Alexandre,,
Voeux du Paon,,
"Le Livre des amphorismes Ypocras, en medecine, avecques les commens de Galien",Martin de Saint-Gille,
Grandes Heures du duc de Berry,,
Psautier Saint Louis,,
Breviaire,,
Miroir historial v. 2,Jean de Vignay,
Psalter,,
Confessio Amantis,,
La Passion de Jésus-Christ en prose,,
Pourquoi Dieu s'est fait homme,Pierre Crapillet d'Annoire,
Soliloque touchant le gage de l'âme,Pierre Crapillet d'Annoire,
Dedicace de l'âme,,
Dialogue du père et du filz,,
Enseignemens d'une dame à une amie,,
Enseignemens Saint Louis,,
Legiloque,,
Lettre adressé par un religieux à un jeune noble pour lui apprendre à se confesser,,
Traite de troys chevaliers,,
Traité des nouvelletés du monde,,
L'Examen de conscience,,
Declaracion de la differance entre pechié mortel et veniel,,
In festo beati Petri et Pauli apostolorum sermo,,
Pèlerinage de l'âme en prose,Jean Galopes,
Qui manducat me,,
Vidimus nunc,,
Livre des anges,,
Certamen dedit ili ut vinceret,,
Gloria in altissimus deo,,
Ibi eum videbitis,,
Omne regnum in semplum,,
Pax vobis,,
Puer natus est,,
Querite dominum,,
Sermon sur la Passion Jhesucrist,,
Si terrena dixi vobis,,
Suscepimus deus,,
Tota pulcra es amica mea,,
Tu discipulus eius sie,,
La Maison de conscience,,
"Le Livre qui parle du prêtre, de l'église et de la messe",,
Mystère de la Résurrection,,
Le Paradis de la reine Sibylle,,
Le Paradis terrestre et l'Excursion aux îles Lipari,,
Belle Dame sans Merci,,
Confession de la belle fille,,
Débat de l'homme marié et de l'homme non marié,,
Débat de la noire et de la tannée,,
Débat de réveille matin,,
Lettre du prêtre Jean,,
Moralité du bien public,,
Physiognomonie,,
Ventes d'amour,,
Secret des secrets,,
Vie de sainte Catherine de Sienne,,
Pilgrimage of the Soul,,
Missel,,
Bestiaire,,
Dits moraux des philosophes,Guillaume de Tignonville,
Métamorphoses,Philippe de Vitry,
Histoire de Thèbes et de Troie,,
Faits des Romains,,
Grandes chroniques de France,,
Livre de Godeffroy de Bouillon,,
Histoire de Lusignan,,
Livre de l'information des princes,Jean Golein,
Le Dit de la Panthère,,
Le Livre de la Violette,,
Le Roman de la Rose,,
Le Testament de Jean de Meun,,
Plusieurs balades et dictiés,,
A Saint's Life,,
Renard de Montaubon en Prose,,
Dit de la Pastoure,,
De morali principis institutione,,
Les Dits Moraux des Philosophes,,
The Pilgrimage of the Life of Man,,
Vie de Saint Etienne,,
Légende dorée,Jean de Vignay,
Cité de Dieu,Raoul de Presles,
Des cas des nobles hommes et femmes,Laurent de Premierfait,
Livre du Trésor,,
Le Livre des Proprietez des Choses,Jean Corbechon,
Nouveau Testament,,
Pèlerinage de Vie humaine,,
Mortifiement de vaine plaisance,,
Le Montagne de contemplation,,
Pontus et Sidoine,,
Melusine ou La noble histoire de Lusignan,,
Confession,,
Livre de la Cité des Dames,,
Le Livre des trois vertus,,
Danse aux aveugles,,
Instruction d'un jeune prince,,
Le Livre des herbes et arbres,,
Le Livre du gouvernement des rois,Henri de Gauchi,
Roman de Cleriadus et Meliadice,,
Livre de Consolation,,
Pierre de Provence et la belle Maguelonne,,
Paris et Vienne,,
Sermons,,
Ung livre des eshecs,,
Devisement du monde,Grigoires,
Psautier,,
Le Livre pour l'enseignement des filles,,
La Vie Nostre Dame,,
Vies des saints,,
Ung livre de certains laiz et coustumes pour passer le temps,,
Ung traictié de l'ame devote,,
Pourquoi Dieu fist l'omme a sa figure,,
Livre de la vroye ystoire de Troye,,
Le Livre de Pierre Chastellain,,
Bible,,
Le livre de l'exposition des Euvangilles,,
L'Abuzé en court,,
Livre du Pellerinaige en prose,,
Les trois fils de rois,,
Le Livre de Confession,,
Le Livre de Sapience qui enseigne a bien mourir,,
Les Miracles de Nostre Dame,,
De la resurrection des mors,,
Ung livre de la mort du duc de Bourgoigne,,
Ung livre...nommé de pluseurs renvoys,,
Somme le roi,,
Les Espitres et Euvengilles,,
Des biens qui viennent d'orisons,,
Ung autre livre...que Monsgr de Maillé luy donna,,
Ung petit livre de dames et d'amours,,
Triboulet,,
Jardin des nobles,,
Passion Jhesucrist,,
De saince Clere,,
Ung petit livre ... commencant Humane beate Marye virginis,,
"Ung petit livre...ystorié et commance, Tres noble",,
"Ung autre petit livre commencant, S'ensuit une petite et briefve contemplacion",,
Livre d'heures,,
Chapelet Notre-Dame,,
Epistre Othea,,
Book of Prayers,,
A French Book,,
Troilus and Criseyde,,
Ung livre,,
Pèlerinage de l'Ame,,
Alexander and Dindimus,,
Li Livres du Graunt Caam,,
Roman d'Alexandre en vers,,
Vita Sancti Gilberti Confessoris,,
Lak of Stedfastnesse,,
Life of Our Lady,,
Truth (Ballade of Good Counsel),,
Virtues of the Mass,,
"Hymnus alter sive oratio - ""O magistra et ministra""",,
"Oratio ad Virginem - ""Salve sancta mater Dei""",,
"Oratio tercia - ""Ave amantissima, virgo Maria""",,
"Preces ad Virginem - ""Qui preberet iter lucis celi quasi preco""",,
Book of Hours,,
Heures d'Anne de France,,
Pèlerinage de vie humaine en prose,,
Le Temple de Boccace,,
Nova Statuta Angliae,,
Histoire de la fondation de Nostre Dame du Puy,,
Oroison a Nostre Dame 6,,
Hours of Mary Stuart,,
Heures de Jeanne de France,,
Portable Breviary,,
Beaufort Book of Hours,,
La Bible Historiale,,
